Ticker,Company,Share/ Par,% TNA,Class of shares,CUSIP,Market value
"STX","Seagate Technology Holdings PLC","439,357.00","0.29%","Common Stock","G7997R103","$254,774,337.16"
"ON","ON Semiconductor Corp","2,862,924.00","0.29%","Common Stock","682189105","$254,771,606.76"
"SNDK","Sandisk Corp/DE","258,579.00","0.29%","Common Stock","80004C200","$253,166,941.53"
"AMD","Advanced Micro Devices Inc","828,093.00","0.29%","Common Stock","007903107","$251,293,101.78"
"CIEN","Ciena Corp","498,571.00","0.28%","Common Stock","171779309","$248,771,971.87"
"DELL","Dell Technologies Inc","1,150,785.00","0.28%","Common Stock","24703L202","$247,016,000.25"
"WDC","Western Digital Corp","630,705.00","0.28%","Common Stock","958102105","$245,407,315.50"
"MPWR","Monolithic Power Systems Inc","158,210.00","0.27%","Common Stock","609839105","$240,801,948.40"
"COHR","Coherent Corp","674,444.00","0.27%","Common Stock","19247G107","$236,372,388.68"
"INTC","Intel Corp","3,532,287.00","0.26%","Common Stock","458140100","$230,552,372.49"
"CVNA","Carvana Co","547,923.00","0.26%","Common Stock","146869102","$228,368,827.17"
"HPE","Hewlett Packard Enterprise Co","7,908,325.00","0.26%","Common Stock","42824C109","$225,466,345.75"
"GEV","GE Vernova Inc","199,904.00","0.26%","Common Stock","36828A101","$225,403,754.24"
"JBL","Jabil Inc","663,902.00","0.25%","Common Stock","466313103","$223,336,632.80"
"LITE","Lumentum Holdings Inc","252,302.00","0.25%","Common Stock","55024U109","$220,411,027.20"
"ANET","Arista Networks Inc","1,226,242.00","0.25%","Common Stock","040413205","$217,939,990.66"
"GLW","Corning Inc","1,287,366.00","0.25%","Common Stock","219350105","$217,255,886.16"
"HUM","Humana Inc","991,408.00","0.25%","Common Stock","444859102","$215,532,099.20"
"TER","Teradyne Inc","561,232.00","0.25%","Common Stock","880770102","$216,175,341.76"
"MCHP","Microchip Technology Inc","2,576,336.00","0.24%","Common Stock","595017104","$212,496,193.28"
"NUE","Nucor Corp","986,348.00","0.24%","Common Stock","670346105","$211,334,922.48"
"UNH","UnitedHealth Group Inc","594,600.00","0.24%","Common Stock","91324P102","$210,202,992"
"AVGO","Broadcom Inc","496,770.00","0.24%","Common Stock","11135F101","$209,959,840.50"
"KLAC","KLA Corp","115,646.00","0.24%","Common Stock","482480100","$209,557,490.76"
"STLD","Steel Dynamics Inc","920,287.00","0.24%","Common Stock","858119100","$209,328,481.02"
"FIX","Comfort Systems USA Inc","120,416.00","0.24%","Common Stock","199908104","$207,656,187.84"
"APO","Apollo Global Management Inc","1,597,422.00","0.24%","Common Stock","03769M106","$206,163,283.32"
"KKR","KKR & Co Inc","1,944,843.00","0.23%","Common Stock","48251W104","$205,997,770.56"
"LRCX","Lam Research Corp","774,316.00","0.23%","Common Stock","512807306","$205,619,613.80"
"BX","Blackstone Inc","1,580,431.00","0.23%","Common Stock","09260D107","$205,029,313.63"
"STT","State Street Corp","1,344,983.00","0.23%","Common Stock","857477103","$204,975,409.20"
"SYF","Synchrony Financial","2,598,687.00","0.23%","Common Stock","87165B103","$204,490,680.03"
"AMZN","Amazon.com Inc","797,401.00","0.23%","Common Stock","023135106","$203,624,319.36"
"MS","Morgan Stanley","1,064,313.00","0.23%","Common Stock","617446448","$203,336,998.65"
"CDW","CDW Corp/DE","1,426,568.00","0.23%","Common Stock","12514G108","$203,200,345.92"
"Q","Qnity Electronics Inc","1,457,496.00","0.23%","Common Stock","74743L100","$202,956,318"
"EME","EMCOR Group Inc","235,710.00","0.23%","Common Stock","29084Q100","$202,710,600"
"ADI","Analog Devices Inc","531,332.00","0.23%","Common Stock","032654105","$202,660,651.44"
"KEYS","Keysight Technologies Inc","596,669.00","0.23%","Common Stock","49338L103","$202,252,890.93"
"NTRS","Northern Trust Corp","1,202,767.00","0.23%","Common Stock","665859104","$201,860,385.61"
"TXN","Texas Instruments Inc","852,901.00","0.23%","Common Stock","882508104","$201,549,035.31"
"C","Citigroup Inc","1,552,176.00","0.23%","Common Stock","172967424","$201,363,792.48"
"PSKY","Paramount Skydance Corp","17,051,746.00","0.23%","Common Stock","69932A204","$201,210,602.80"
"MAS","Masco Corp","2,712,066.00","0.23%","Common Stock","574599106","$200,584,401.36"
"FDS","FactSet Research Systems Inc","824,677.00","0.23%","Common Stock","303075105","$200,165,601.44"
"BF/B","Brown-Forman Corp","6,997,387.00","0.23%","Common Stock","115637209","$199,635,451.11"
"JBHT","JB Hunt Transport Services Inc","806,312.00","0.23%","Common Stock","445658107","$199,183,253.36"
"ARES","Ares Management Corp","1,638,136.00","0.23%","Common Stock","03990B101","$198,296,362.80"
"MU","Micron Technology Inc","405,139.00","0.23%","Common Stock","595112103","$197,497,159.72"
"ODFL","Old Dominion Freight Line Inc","897,625.00","0.23%","Common Stock","679580100","$197,459,547.50"
"ETN","Eaton Corp PLC","476,297.00","0.22%","Common Stock","G29183103","$197,125,039.39"
"APA","APA Corp","5,144,697.00","0.22%","Common Stock","03743Q108","$195,807,167.82"
"BK","Bank of New York Mellon Corp/The","1,447,551.00","0.22%","Common Stock","064058100","$196,693,229.88"
"CBRE","CBRE Group Inc","1,280,243.00","0.22%","Common Stock","12504L109","$196,542,905.36"
"DAL","Delta Air Lines Inc","2,866,772.00","0.22%","Common Stock","247361702","$196,115,872.52"
"ALB","Albemarle Corp","1,009,126.00","0.22%","Common Stock","012653101","$195,992,451.72"
"ORCL","Oracle Corp","1,039,389.00","0.22%","Common Stock","68389X105","$194,885,437.50"
"WST","West Pharmaceutical Services Inc","711,918.00","0.22%","Common Stock","955306105","$195,357,418.38"
"EBAY","eBay Inc","1,848,521.00","0.22%","Common Stock","278642103","$195,259,273.23"
"HUBB","Hubbell Inc","354,854.00","0.22%","Common Stock","443510607","$195,080,986.50"
"CSCO","Cisco Systems Inc","2,169,908.00","0.22%","Common Stock","17275R102","$194,857,738.40"
"AMAT","Applied Materials Inc","482,929.00","0.22%","Common Stock","038222105","$194,852,192.92"
"CMI","Cummins Inc","304,742.00","0.22%","Common Stock","231021106","$194,797,181.24"
"EXPE","Expedia Group Inc","735,814.00","0.22%","Common Stock","30212P303","$194,696,384.40"
"FCX","Freeport-McMoRan Inc","2,754,794.00","0.22%","Common Stock","35671D857","$193,827,305.84"
"VRSN","VeriSign Inc","719,420.00","0.22%","Common Stock","92343E102","$194,121,098.60"
"CAT","Caterpillar Inc","239,482.00","0.22%","Common Stock","149123101","$193,709,805.34"
"IBKR","Interactive Brokers Group Inc","2,478,072.00","0.22%","Common Stock","45841N107","$193,562,203.92"
"VRT","Vertiv Holdings Co","632,190.00","0.22%","Common Stock","92537N108","$192,906,456.60"
"NTAP","NetApp Inc","1,736,653.00","0.22%","Common Stock","64110D104","$192,803,216.06"
"GS","Goldman Sachs Group Inc/The","205,813.00","0.22%","Common Stock","38141G104","$192,402,224.92"
"ELV","Elevance Health Inc","585,057.00","0.22%","Common Stock","036752103","$192,015,707.40"
"EQIX","Equinix Inc","174,097.00","0.22%","Real Estate Investment Trust","29444U700","$191,903,641.16"
"BXP","BXP Inc","3,249,501.00","0.22%","Real Estate Investment Trust","101121101","$189,413,413.29"
"DHI","DR Horton Inc","1,188,446.00","0.22%","Common Stock","23331A109","$191,553,726.28"
"GRMN","Garmin Ltd","718,404.00","0.22%","Common Stock","H2906T109","$191,519,322.36"
"NXPI","NXP Semiconductors NV","847,806.00","0.22%","Common Stock","N6596X109","$191,392,204.50"
"DOW","Dow Inc","4,931,135.00","0.22%","Common Stock","260557103","$191,377,349.35"
"CDNS","Cadence Design Systems Inc","576,654.00","0.22%","Common Stock","127387108","$191,224,232.94"
"SLB","SLB Ltd","3,518,031.00","0.22%","Common Stock","806857108","$191,204,984.85"
"MAR","Marriott International Inc/MD","519,316.00","0.22%","Common Stock","571903202","$190,656,483.08"
"HLT","Hilton Worldwide Holdings Inc","571,299.00","0.22%","Common Stock","43300A203","$190,625,337.33"
"WAT","Waters Corp","569,792.00","0.22%","Common Stock","941848103","$190,527,048.96"
"PYPL","PayPal Holdings Inc","3,719,381.00","0.22%","Common Stock","70450Y103","$190,506,694.82"
"HOOD","Robinhood Markets Inc","2,154,263.00","0.22%","Common Stock","770700102","$190,501,477.09"
"SBAC","SBA Communications Corp","898,693.00","0.22%","Real Estate Investment Trust","78410G104","$190,397,098.98"
"FITB","Fifth Third Bancorp","3,764,546.00","0.22%","Common Stock","316773100","$190,335,445.76"
"ALGN","Align Technology Inc","970,207.00","0.22%","Common Stock","016255101","$190,209,082.35"
"TROW","T Rowe Price Group Inc","1,897,262.00","0.22%","Common Stock","74144T108","$190,181,542.88"
"XYZ","Block Inc","2,622,964.00","0.22%","Common Stock","852234103","$190,164,890"
"KEY","KeyCorp","8,624,094.00","0.22%","Common Stock","493267108","$190,075,031.76"
"BLK","Blackrock Inc","178,336.00","0.22%","Common Stock","09290D101","$189,476,649.92"
"CRH","CRH PLC","1,629,463.00","0.22%","Common Stock","G25508105","$189,164,359.67"
"TFC","Truist Financial Corp","3,712,734.00","0.22%","Common Stock","89832Q109","$189,163,797.30"
"SWKS","Skyworks Solutions Inc","3,062,023.00","0.22%","Common Stock","83088M102","$189,141,160.71"
"CFG","Citizens Financial Group Inc","2,896,116.00","0.22%","Common Stock","174610105","$188,710,918.56"
"MSCI","MSCI Inc","310,048.00","0.21%","Common Stock","55354G100","$188,521,585.92"
"DLR","Digital Realty Trust Inc","938,293.00","0.21%","Real Estate Investment Trust","253868103","$188,465,531.98"
"POOL","Pool Corp","803,540.00","0.21%","Common Stock","73278L105","$188,205,138.80"
"RL","Ralph Lauren Corp","500,276.00","0.21%","Common Stock","751212101","$187,748,580.04"
"HPQ","HP Inc","9,179,736.00","0.21%","Common Stock","40434L105","$187,633,803.84"
"PFG","Principal Financial Group Inc","1,922,071.00","0.21%","Common Stock","74251V102","$187,267,377.53"
"TT","Trane Technologies PLC","392,224.00","0.21%","Common Stock","G8994E103","$187,165,370.56"
"PNC","PNC Financial Services Group Inc/The","824,094.00","0.21%","Common Stock","693475105","$185,470,595.64"
"SNPS","Synopsys Inc","391,499.00","0.21%","Common Stock","871607107","$186,846,812.74"
"APH","Amphenol Corp","1,259,900.00","0.21%","Common Stock","032095101","$186,628,987"
"BEN","Franklin Resources Inc","6,787,789.00","0.21%","Common Stock","354613101","$186,596,319.61"
"MET","MetLife Inc","2,422,164.00","0.21%","Common Stock","59156R108","$186,433,963.08"
"TGT","Target Corp","1,426,617.00","0.21%","Common Stock","87612E106","$186,316,180.20"
"PANW","Palo Alto Networks Inc","1,027,459.00","0.21%","Common Stock","697435105","$186,175,570.80"
"FANG","Diamondback Energy Inc","959,671.00","0.21%","Common Stock","25278X109","$186,051,416.77"
"COF","Capital One Financial Corp","931,821.00","0.21%","Common Stock","14040H105","$185,833,062.03"
"JPM","JPMorgan Chase & Co","589,911.00","0.21%","Common Stock","46625H100","$184,653,941.22"
"BAC","Bank of America Corp","3,493,049.00","0.21%","Common Stock","060505104","$185,550,762.88"
"CRL","Charles River Laboratories International Inc","1,003,634.00","0.21%","Common Stock","159864107","$185,471,563.20"
"TECH","Bio-Techne Corp","3,163,751.00","0.21%","Common Stock","09073M104","$185,332,533.58"
"ROK","Rockwell Automation Inc","454,607.00","0.21%","Common Stock","773903109","$185,034,141.14"
"SATS","EchoStar Corp","1,511,982.00","0.21%","Common Stock","278768106","$185,006,117.52"
"AXP","American Express Co","553,821.00","0.21%","Common Stock","025816109","$184,367,010.90"
"IRM","Iron Mountain Inc","1,575,393.00","0.21%","Real Estate Investment Trust","46284V101","$184,683,321.39"
"VMC","Vulcan Materials Co","636,178.00","0.21%","Common Stock","929160109","$184,561,599.58"
"NVDA","NVIDIA Corp","911,158.00","0.21%","Common Stock","67066G104","$184,509,495"
"HAL","Halliburton Co","4,716,299.00","0.21%","Common Stock","406216101","$184,454,453.89"
"HST","Host Hotels & Resorts Inc","8,832,507.00","0.21%","Real Estate Investment Trust","44107P104","$184,157,770.95"
"CNC","Centene Corp","4,726,741.00","0.21%","Common Stock","15135B101","$184,012,027.13"
"USB","US Bancorp","3,245,140.00","0.21%","Common Stock","902973304","$183,674,924"
"PWR","Quanta Services Inc","298,809.00","0.21%","Common Stock","74762E102","$183,402,988.02"
"ZBRA","Zebra Technologies Corp","793,555.00","0.21%","Common Stock","989207105","$183,390,560.50"
"CHTR","Charter Communications Inc","756,107.00","0.21%","Common Stock","16119P108","$183,348,386.43"
"FISV","Fiserv Inc","2,897,295.00","0.21%","Common Stock","337738108","$183,282,881.70"
"MGM","MGM Resorts International","4,669,420.00","0.21%","Common Stock","552953101","$183,228,040.80"
"ABNB","Airbnb Inc","1,270,671.00","0.21%","Common Stock","009066101","$183,205,344.78"
"BA","Boeing Co/The","791,933.00","0.21%","Common Stock","097023105","$183,158,264.24"
"FTV","Fortive Corp","3,009,493.00","0.21%","Common Stock","34959J108","$183,157,743.98"
"TSN","Tyson Foods Inc","2,835,412.00","0.21%","Common Stock","902494103","$183,025,844.60"
"TEL","TE Connectivity PLC","826,102.00","0.21%","Common Stock","G87052109","$182,601,586.08"
"RF","Regions Financial Corp","6,465,844.00","0.21%","Common Stock","7591EP100","$182,401,459.24"
"DASH","DoorDash Inc","1,000,177.00","0.21%","Common Stock","25809K105","$182,302,261.79"
"APD","Air Products and Chemicals Inc","610,469.00","0.21%","Common Stock","009158106","$181,162,780.44"
"HBAN","Huntington Bancshares Inc/OH","10,837,586.00","0.21%","Common Stock","446150104","$182,288,196.52"
"FFIV","F5 Inc","585,786.00","0.21%","Common Stock","315616102","$182,284,887.48"
"GL","Globe Life Inc","1,201,984.00","0.21%","Common Stock","37959E102","$181,800,080"
"EG","Everest Group Ltd","527,387.00","0.21%","Common Stock","G3223R108","$181,948,515"
"PPG","PPG Industries Inc","1,628,185.00","0.21%","Common Stock","693506107","$181,819,418.95"
"MTB","M&T Bank Corp","834,311.00","0.21%","Common Stock","55261F104","$181,521,044.27"
"CSX","CSX Corp","4,200,827.00","0.21%","Common Stock","126408103","$181,391,709.86"
"MSFT","Microsoft Corp","418,548.00","0.21%","Common Stock","594918104","$181,197,800.16"
"LYB","LyondellBasell Industries NV","2,515,864.00","0.21%","Common Stock","N53745100","$181,142,208"
"LWEM6","E-mini S&P 500 Equal Weight Futures","1,100.00","0.21%","Index Future","LWEM6","$181,104,000"
"FDX","FedEx Corp","468,922.00","0.21%","Common Stock","31428X106","$180,980,445.90"
"MTD","Mettler-Toledo International Inc","138,087.00","0.21%","Common Stock","592688105","$180,903,636.09"
"IVZ","Invesco Ltd","7,075,932.00","0.21%","Common Stock","G491BT108","$180,860,821.92"
"WSM","Williams-Sonoma Inc","912,992.00","0.21%","Common Stock","969904101","$180,124,191.68"
"WY","Weyerhaeuser Co","7,299,209.00","0.21%","Real Estate Investment Trust","962166104","$180,801,406.93"
"WYNN","Wynn Resorts Ltd","1,694,740.00","0.21%","Common Stock","983134107","$180,727,073.60"
"ETR","Entergy Corp","1,632,344.00","0.21%","Common Stock","29364G103","$180,325,041.68"
"SPG","Simon Property Group Inc","893,974.00","0.21%","Real Estate Investment Trust","828806109","$180,296,676.32"
"ROST","Ross Stores Inc","796,536.00","0.21%","Common Stock","778296103","$180,287,958.24"
"WAB","Westinghouse Air Brake Technologies Corp","689,020.00","0.21%","Common Stock","929740108","$180,192,510.40"
"PCAR","PACCAR Inc","1,434,777.00","0.20%","Common Stock","693718108","$179,734,514.79"
"BKR","Baker Hughes Co","2,873,872.00","0.20%","Common Stock","05722G100","$179,731,954.88"
"INVH","Invitation Homes Inc","6,722,118.00","0.20%","Real Estate Investment Trust","46187W107","$179,346,108.24"
"AIZ","Assurant Inc","782,063.00","0.20%","Common Stock","04621X108","$179,147,171.41"
"GM","General Motors Co","2,266,012.00","0.20%","Common Stock","37045V100","$179,014,948"
"CRWD","Crowdstrike Holdings Inc","383,404.00","0.20%","Common Stock","22788C105","$178,926,978.72"
"EXPD","Expeditors International of Washington Inc","1,203,551.00","0.20%","Common Stock","302130109","$178,655,110.44"
"AJG","Arthur J Gallagher & Co","807,445.00","0.20%","Common Stock","363576109","$178,534,163.95"
"CI","Cigna Group/The","649,588.00","0.20%","Common Stock","125523100","$178,441,823.60"
"RVTY","Revvity Inc","1,890,786.00","0.20%","Common Stock","714046109","$178,263,304.08"
"WMT","Walmart Inc","1,372,292.00","0.20%","Common Stock","931142103","$178,370,514.16"
"PLD","Prologis Inc","1,260,982.00","0.20%","Real Estate Investment Trust","74340W103","$178,328,074.44"
"CTRA","Coterra Energy Inc","5,405,218.00","0.20%","Common Stock","127097103","$177,993,828.74"
"APP","AppLovin Corp","367,846.00","0.20%","Common Stock","03831W108","$177,930,788.66"
"AFL","Aflac Inc","1,550,149.00","0.20%","Common Stock","001055102","$177,879,597.75"
"WFC","Wells Fargo & Co","2,205,683.00","0.20%","Common Stock","949746101","$177,733,936.14"
"DECK","Deckers Outdoor Corp","1,649,798.00","0.20%","Common Stock","243537107","$177,666,746.62"
"COP","ConocoPhillips","1,448,999.00","0.20%","Common Stock","20825C104","$177,647,277.40"
"AAPL","Apple Inc","649,891.00","0.20%","Common Stock","037833100","$177,530,724.47"
"SPGI","S&P Global Inc","395,251.00","0.20%","Common Stock","78409V104","$177,491,414.06"
"CBOE","Cboe Global Markets Inc","596,633.00","0.20%","Common Stock","12503M108","$177,468,485.85"
"IEX","IDEX Corp","871,462.00","0.20%","Common Stock","45167R104","$177,455,807.06"
"MCO","Moody's Corp","379,982.00","0.20%","Common Stock","615369105","$177,345,199.04"
"STZ","Constellation Brands Inc","1,130,123.00","0.20%","Common Stock","21036P108","$177,293,696.24"
"UPS","United Parcel Service Inc","1,681,367.00","0.20%","Common Stock","911312106","$177,047,945.10"
"A","Agilent Technologies Inc","1,468,443.00","0.20%","Common Stock","00846U101","$176,903,328.21"
"FTNT","Fortinet Inc","2,030,286.00","0.20%","Common Stock","34959E109","$176,817,607.74"
"F","Ford Motor Co","13,996,577.00","0.20%","Common Stock","345370860","$176,776,767.51"
"RJF","Raymond James Financial Inc","1,143,152.00","0.20%","Common Stock","754730109","$176,639,847.04"
"CASY","Casey's General Stores Inc","225,485.00","0.20%","Common Stock","147528103","$176,534,461.35"
"ALL","Allstate Corp/The","824,283.00","0.20%","Common Stock","020002101","$176,528,447.28"
"AMP","Ameriprise Financial Inc","376,338.00","0.20%","Common Stock","03076C106","$176,318,116.38"
"VTRS","Viatris Inc","12,133,034.00","0.20%","Common Stock","92556V106","$176,171,653.68"
"GWW","WW Grainger Inc","152,566.00","0.20%","Common Stock","384802104","$176,088,625.88"
"DVN","Devon Energy Corp","3,736,957.00","0.20%","Common Stock","25179M103","$176,085,413.84"
"DIS","Walt Disney Co/The","1,679,838.00","0.20%","Common Stock","254687106","$176,080,619.16"
"SHW","Sherwin-Williams Co/The","525,296.00","0.20%","Common Stock","824348106","$176,052,954.40"
"COIN","Coinbase Global Inc","853,402.00","0.20%","Common Stock","19260Q107","$176,005,628.48"
"BKNG","Booking Holdings Inc","980,747.00","0.20%","Common Stock","09857L108","$175,946,011.80"
"LVS","Las Vegas Sands Corp","3,093,852.00","0.20%","Common Stock","517834107","$175,885,486.20"
"CHRW","CH Robinson Worldwide Inc","964,242.00","0.20%","Common Stock","12541W209","$175,829,528.70"
"CCL","Carnival Corp","6,526,380.00","0.20%","Common Stock","143658300","$175,820,677.20"
"CMG","Chipotle Mexican Grill Inc","5,006,964.00","0.20%","Common Stock","169656105","$175,794,506.04"
"TMO","Thermo Fisher Scientific Inc","342,021.00","0.20%","Common Stock","883556102","$175,791,953.58"
"DDOG","Datadog Inc","1,329,814.00","0.20%","Common Stock","23804L103","$175,721,621.96"
"JCI","Johnson Controls International plc","1,255,618.00","0.20%","Common Stock","G51502105","$175,547,952.58"
"ROP","Roper Technologies Inc","481,288.00","0.20%","Common Stock","776696106","$175,540,172.24"
"IFF","International Flavors & Fragrances Inc","2,465,890.00","0.20%","Common Stock","459506101","$175,497,391.30"
"SNA","Snap-on Inc","458,661.00","0.20%","Common Stock","833034101","$175,382,793.18"
"PHM","PulteGroup Inc","1,373,735.00","0.20%","Common Stock","745867101","$175,233,636.60"
"TTWO","Take-Two Interactive Software Inc","802,755.00","0.20%","Common Stock","874054109","$175,153,113.45"
"CARR","Carrier Global Corp","2,887,731.00","0.20%","Common Stock","14448C104","$175,140,885.15"
"AON","Aon PLC","535,275.00","0.20%","Common Stock","G0403H108","$174,959,986.50"
"META","Meta Platforms Inc","258,896.00","0.20%","Common Stock","30303M102","$174,682,309.12"
"ERIE","Erie Indemnity Co","698,499.00","0.20%","Common Stock","29530P102","$174,624,750"
"FRT","Federal Realty Investment Trust","1,583,721.00","0.20%","Real Estate Investment Trust","313745101","$174,415,193.73"
"URI","United Rentals Inc","217,157.00","0.20%","Common Stock","911363109","$174,331,468.03"
"AME","AMETEK Inc","756,038.00","0.20%","Common Stock","031100100","$174,236,517.48"
"LIN","Linde PLC","352,188.00","0.20%","Common Stock","G54950103","$174,199,228.56"
"DOV","Dover Corp","805,604.00","0.20%","Common Stock","260003108","$174,147,416.68"
"OXY","Occidental Petroleum Corp","3,050,603.00","0.20%","Common Stock","674599105","$174,036,901.15"
"SWK","Stanley Black & Decker Inc","2,298,635.00","0.20%","Common Stock","854502101","$174,006,669.50"
"EQR","Equity Residential","2,817,479.00","0.20%","Real Estate Investment Trust","29476L107","$173,838,454.30"
"BG","Bunge Global SA","1,380,759.00","0.20%","Common Stock","H11356104","$173,658,059.43"
"GPC","Genuine Parts Co","1,552,031.00","0.20%","Common Stock","372460105","$173,423,943.94"
"HIG","Hartford Insurance Group Inc/The","1,255,625.00","0.20%","Common Stock","416515104","$173,414,368.75"
"EMR","Emerson Electric Co","1,214,456.00","0.20%","Common Stock","291011104","$173,387,883.12"
"INCY","Incyte Corp","1,790,940.00","0.20%","Common Stock","45337C102","$173,255,535.60"
"TRMB","Trimble Inc","2,507,258.00","0.20%","Common Stock","896239100","$173,226,455.22"
"SOLV","Solventum Corp","2,506,502.00","0.20%","Common Stock","83444M101","$173,224,353.22"
"MLM","Martin Marietta Materials Inc","283,666.00","0.20%","Common Stock","573284106","$173,217,806.24"
"GDDY","GoDaddy Inc","1,958,785.00","0.20%","Common Stock","380237107","$173,156,594"
"NDSN","Nordson Corp","619,552.00","0.20%","Common Stock","655663102","$173,133,806.40"
"IQV","IQVIA Holdings Inc","987,696.00","0.20%","Common Stock","46266C105","$173,054,216.16"
"HSIC","Henry Schein Inc","2,215,368.00","0.20%","Common Stock","806407102","$173,042,394.48"
"ACGL","Arch Capital Group Ltd","1,787,536.00","0.20%","Common Stock","G0450A105","$172,979,858.72"
"CF","CF Industries Holdings Inc","1,410,586.00","0.20%","Common Stock","125269100","$172,740,361.56"
"BALL","Ball Corp","2,755,278.00","0.20%","Common Stock","058498106","$172,673,272.26"
"DGX","Quest Diagnostics Inc","845,288.00","0.20%","Common Stock","74834L100","$172,438,752"
"KIM","Kimco Realty Corp","7,315,277.00","0.20%","Real Estate Investment Trust","49446R109","$172,421,078.89"
"L","Loews Corp","1,558,142.00","0.20%","Common Stock","540424108","$172,408,412.30"
"REG","Regency Centers Corp","2,182,291.00","0.20%","Real Estate Investment Trust","758849103","$172,400,989"
"PSA","Public Storage","565,201.00","0.20%","Real Estate Investment Trust","74460D109","$172,278,916.81"
"PH","Parker-Hannifin Corp","180,401.00","0.20%","Common Stock","701094104","$172,180,126.43"
"YUM","Yum! Brands Inc","1,082,347.00","0.20%","Common Stock","988498101","$172,158,113.82"
"AES","AES Corp/The","11,908,669.00","0.20%","Common Stock","00130H105","$172,080,267.05"
"MA","Mastercard Inc","336,559.00","0.20%","Common Stock","57636Q104","$171,698,939.44"
"QCOM","QUALCOMM Inc","1,263,676.00","0.20%","Common Stock","747525103","$171,948,393.32"
"BAX","Baxter International Inc","9,390,250.00","0.20%","Common Stock","071813109","$171,935,477.50"
"VLO","Valero Energy Corp","733,541.00","0.20%","Common Stock","91913Y100","$171,912,668.76"
"EA","Electronic Arts Inc","847,595.00","0.20%","Common Stock","285512109","$171,875,314.10"
"MRSH","Marsh & McLennan Cos Inc","974,271.00","0.20%","Common Stock","571748102","$170,984,560.50"
"CINF","Cincinnati Financial Corp","1,033,401.00","0.20%","Common Stock","172062101","$171,823,584.27"
"NI","NiSource Inc","3,663,663.00","0.20%","Common Stock","65473P105","$171,642,611.55"
"MDLZ","Mondelez International Inc","3,061,459.00","0.20%","Common Stock","609207105","$171,625,391.54"
"COST","Costco Wholesale Corp","170,878.00","0.20%","Common Stock","22160K105","$171,510,248.60"
"IBM","International Business Machines Corp","680,962.00","0.20%","Common Stock","459200101","$171,507,089.32"
"UAL","United Airlines Holdings Inc","1,869,332.00","0.20%","Common Stock","910047109","$171,436,437.72"
"ICE","Intercontinental Exchange Inc","1,079,395.00","0.20%","Common Stock","45866F104","$171,429,513.90"
"EOG","EOG Resources Inc","1,278,728.00","0.20%","Common Stock","26875P101","$170,083,611.28"
"NDAQ","Nasdaq Inc","1,982,225.00","0.20%","Common Stock","631103108","$171,204,773.25"
"CVS","CVS Health Corp","2,238,200.00","0.20%","Common Stock","126650100","$171,065,626"
"LH","Labcorp Holdings Inc","627,332.00","0.19%","Common Stock","504922105","$171,023,249.84"
"CTVA","Corteva Inc","2,154,930.00","0.19%","Common Stock","22052L104","$170,993,695.50"
"STE","STERIS PLC","764,886.00","0.19%","Common Stock","G8473T100","$170,990,265.30"
"UBER","Uber Technologies Inc","2,262,352.00","0.19%","Common Stock","90353T100","$170,988,564.16"
"CB","Chubb Ltd","525,265.00","0.19%","Common Stock","H1467J104","$170,936,988.95"
"TRV","Travelers Cos Inc/The","566,496.00","0.19%","Common Stock","89417E109","$170,900,513.28"
"V","Visa Inc","548,985.00","0.19%","Common Stock","92826C839","$170,893,540.65"
"PGR","Progressive Corp/The","842,730.00","0.19%","Common Stock","743315103","$170,829,798.30"
"ESS","Essex Property Trust Inc","677,205.00","0.19%","Real Estate Investment Trust","297178105","$170,784,328.95"
"NRG","NRG Energy Inc","1,140,700.00","0.19%","Common Stock","629377508","$170,648,720"
"PLTR","Palantir Technologies Inc","1,117,896.00","0.19%","Common Stock","69608A108","$170,613,287.52"
"BBY","Best Buy Co Inc","2,683,408.00","0.19%","Common Stock","086516101","$170,476,910.24"
"GNRC","Generac Holdings Inc","797,553.00","0.19%","Common Stock","368736104","$170,429,100.57"
"TPR","Tapestry Inc","1,165,493.00","0.19%","Common Stock","876030107","$170,360,111.81"
"WTW","Willis Towers Watson PLC","584,607.00","0.19%","Common Stock","G96629103","$170,354,479.80"
"LULU","Lululemon Athletica Inc","1,041,234.00","0.19%","Common Stock","550021109","$170,189,697.30"
"TJX","TJX Cos Inc/The","1,073,400.00","0.19%","Common Stock","872540109","$170,101,698"
"PPL","PPL Corp","4,502,057.00","0.19%","Common Stock","69351T106","$170,087,713.46"
"OKE","ONEOK Inc","1,976,097.00","0.19%","Common Stock","682680103","$170,062,907.82"
"NSC","Norfolk Southern Corp","569,779.00","0.19%","Common Stock","655844108","$169,982,169.07"
"AEP","American Electric Power Co Inc","1,291,149.00","0.19%","Common Stock","025537101","$169,941,031.38"
"LNT","Alliant Energy Corp","2,393,314.00","0.19%","Common Stock","018802108","$169,829,561.44"
"TDY","Teledyne Technologies Inc","258,603.00","0.19%","Common Stock","879360105","$169,822,004.07"
"PNW","Pinnacle West Capital Corp","1,684,605.00","0.19%","Common Stock","723484101","$169,808,184"
"TRGP","Targa Resources Corp","717,209.00","0.19%","Common Stock","87612G101","$169,784,886.57"
"CPAY","Corpay Inc","512,915.00","0.19%","Common Stock","219948106","$169,620,990.50"
"WEC","WEC Energy Group Inc","1,495,610.00","0.19%","Common Stock","92939U106","$169,572,261.80"
"DD","DuPont de Nemours Inc","3,684,844.00","0.19%","Common Stock","26614N102","$169,429,127.12"
"PRU","Prudential Financial Inc","1,785,526.00","0.19%","Common Stock","744320102","$169,357,141.10"
"AEE","Ameren Corp","1,549,860.00","0.19%","Common Stock","023608102","$169,306,706.40"
"MO","Altria Group Inc","2,554,965.00","0.19%","Common Stock","02209S103","$166,532,618.70"
"APTV","Aptiv PLC","2,781,119.00","0.19%","Common Stock","G3265R107","$169,258,902.34"
"NVR","NVR Inc","25,597.00","0.19%","Common Stock","62944T105","$169,215,879.69"
"EXR","Extra Space Storage Inc","1,197,588.00","0.19%","Real Estate Investment Trust","30225T102","$169,207,208.52"
"BIIB","Biogen Inc","889,954.00","0.19%","Common Stock","09062X103","$169,153,556.78"
"LOW","Lowe's Cos Inc","686,525.00","0.19%","Common Stock","548661107","$168,329,064.75"
"AVB","AvalonBay Communities Inc","986,289.00","0.19%","Real Estate Investment Trust","053484101","$168,961,168.59"
"CPT","Camden Property Trust","1,664,298.00","0.19%","Real Estate Investment Trust","133131102","$168,892,961.04"
"SRE","Sempra","1,826,840.00","0.19%","Common Stock","816851109","$168,763,479.20"
"ORLY","O'Reilly Automotive Inc","1,796,172.00","0.19%","Common Stock","67103H107","$168,696,474.24"
"TYL","Tyler Technologies Inc","486,970.00","0.19%","Common Stock","902252105","$168,676,668.60"
"ZBH","Zimmer Biomet Holdings Inc","1,808,142.00","0.19%","Common Stock","98956P102","$168,229,531.68"
"BLDR","Builders FirstSource Inc","1,861,066.00","0.19%","Common Stock","12008R107","$168,668,411.58"
"WRB","W R Berkley Corp","2,497,463.00","0.19%","Common Stock","084423102","$168,578,752.50"
"UNP","Union Pacific Corp","675,473.00","0.19%","Common Stock","907818108","$168,462,966.20"
"MRNA","Moderna Inc","3,029,543.00","0.19%","Common Stock","60770K107","$168,442,590.80"
"PAYX","Paychex Inc","1,802,846.00","0.19%","Common Stock","704326107","$168,439,901.78"
"BRO","Brown & Brown Inc","2,478,946.00","0.19%","Common Stock","115236101","$168,270,854.48"
"XYL","Xylem Inc/NY","1,385,332.00","0.19%","Common Stock","98419M100","$168,262,424.72"
"VICI","VICI Properties Inc","5,963,746.00","0.19%","Real Estate Investment Trust","925652109","$168,177,637.20"
"BMY","Bristol-Myers Squibb Co","2,825,474.00","0.19%","Common Stock","110122108","$166,137,871.20"
"ATO","Atmos Energy Corp","919,896.00","0.19%","Common Stock","049560105","$167,871,821.04"
"SCHW","Charles Schwab Corp/The","1,828,844.00","0.19%","Common Stock","808513105","$167,723,283.24"
"DRI","Darden Restaurants Inc","833,148.00","0.19%","Common Stock","237194105","$166,404,650.04"
"PNR","Pentair PLC","1,865,325.00","0.19%","Common Stock","G7S00T104","$167,133,120"
"CMS","CMS Energy Corp","2,234,588.00","0.19%","Common Stock","125896100","$167,549,408.24"
"ALLE","Allegion plc","1,155,770.00","0.19%","Common Stock","G0176J109","$167,505,746.10"
"ROL","Rollins Inc","3,022,229.00","0.19%","Common Stock","775711104","$167,189,708.28"
"XOM","Exxon Mobil Corp","1,118,046.00","0.19%","Common Stock","30231G102","$167,147,877"
"MAA","Mid-America Apartment Communities Inc","1,324,880.00","0.19%","Real Estate Investment Trust","59522J103","$165,066,799.20"
"ZTS","Zoetis Inc","1,414,840.00","0.19%","Common Stock","98978V103","$166,271,996.80"
"DVA","DaVita Inc","1,095,150.00","0.19%","Common Stock","23918K108","$166,922,763"
"ITW","Illinois Tool Works Inc","624,784.00","0.19%","Common Stock","452308109","$166,873,558.56"
"LEN","Lennar Corp","1,756,225.00","0.19%","Common Stock","526057104","$165,875,451.25"
"GPN","Global Payments Inc","2,327,359.00","0.19%","Common Stock","37940X102","$166,685,451.58"
"PM","Philip Morris International Inc","1,016,348.00","0.19%","Common Stock","718172109","$166,630,254.60"
"ADSK","Autodesk Inc","673,037.00","0.19%","Common Stock","052769106","$166,623,770.09"
"GEHC","GE HealthCare Technologies Inc","2,332,948.00","0.19%","Common Stock","36266G107","$166,525,828.24"
"EVRG","Evergy Inc","2,091,761.00","0.19%","Common Stock","30034W106","$166,587,846.04"
"IR","Ingersoll Rand Inc","1,990,225.00","0.19%","Common Stock","45687V106","$166,581,832.50"
"WBD","Warner Bros Discovery Inc","6,094,581.00","0.19%","Common Stock","934423104","$166,564,898.73"
"NFLX","Netflix Inc","1,786,065.00","0.19%","Common Stock","64110L106","$166,532,700.60"
"EIX","Edison International","2,369,346.00","0.19%","Common Stock","281020107","$164,385,225.48"
"CCI","Crown Castle Inc","1,935,520.00","0.19%","Real Estate Investment Trust","22822V101","$166,474,075.20"
"NEE","NextEra Energy Inc","1,848,932.00","0.19%","Common Stock","65339F101","$166,403,880"
"ISRG","Intuitive Surgical Inc","344,005.00","0.19%","Common Stock","46120E602","$166,367,698.10"
"PFE","Pfizer Inc","6,207,618.00","0.19%","Common Stock","717081103","$166,364,162.40"
"SBUX","Starbucks Corp","1,670,817.00","0.19%","Common Stock","855244109","$166,279,707.84"
"KVUE","Kenvue Inc","9,602,991.00","0.19%","Common Stock","49177J102","$166,227,774.21"
"CNP","CenterPoint Energy Inc","3,945,575.00","0.19%","Common Stock","15189T107","$166,187,619"
"ADM","Archer-Daniels-Midland Co","2,392,616.00","0.19%","Common Stock","039483102","$166,119,328.88"
"CRM","Salesforce Inc","873,073.00","0.19%","Common Stock","79466L302","$165,709,255.40"
"IT","Gartner Inc","1,057,145.00","0.19%","Common Stock","366651107","$166,066,908.05"
"D","Dominion Energy Inc","2,724,514.00","0.19%","Common Stock","25746U109","$166,059,128.30"
"MNST","Monster Beverage Corp","2,186,354.00","0.19%","Common Stock","61174X109","$166,053,586.30"
"MPC","Marathon Petroleum Corp","747,742.00","0.19%","Common Stock","56585A102","$166,051,065.94"
"DTE","DTE Energy Co","1,156,570.00","0.19%","Common Stock","233331107","$166,048,754.90"
"DE","Deere & Co","285,413.00","0.19%","Common Stock","244199105","$165,536,685.87"
"O","Realty Income Corp","2,619,181.00","0.19%","Real Estate Investment Trust","756109104","$165,898,924.54"
"VST","Vistra Corp","1,064,640.00","0.19%","Common Stock","92840M102","$165,860,265.60"
"AWK","American Water Works Co Inc","1,261,534.00","0.19%","Common Stock","030420103","$165,424,953.42"
"OMC","Omnicom Group Inc","2,117,023.00","0.19%","Common Stock","681919106","$165,360,666.53"
"VLTO","Veralto Corp","1,854,917.00","0.19%","Common Stock","92338C103","$165,087,613"
"AIG","American International Group Inc","2,173,629.00","0.19%","Common Stock","026874784","$165,261,012.87"
"AMT","American Tower Corp","927,395.00","0.19%","Real Estate Investment Trust","03027X100","$163,509,012.45"
"WELL","Welltower Inc","826,006.00","0.19%","Real Estate Investment Trust","95040Q104","$164,953,398.20"
"CVX","Chevron Corp","884,318.38","0.19%","Common Stock","166764100","$164,766,199.63"
"MRK","Merck & Co Inc","1,458,264.00","0.19%","Common Stock","58933Y105","$164,623,422.96"
"ECL","Ecolab Inc","611,881.00","0.19%","Common Stock","278865100","$164,553,157.33"
"UHS","Universal Health Services Inc","910,110.00","0.19%","Common Stock","913903100","$164,475,079.20"
"UDR","UDR Inc","4,702,418.00","0.19%","Real Estate Investment Trust","902653104","$162,280,445.18"
"AZO","AutoZone Inc","45,703.00","0.19%","Common Stock","053332102","$164,073,312.97"
"HD","Home Depot Inc/The","483,129.00","0.19%","Common Stock","437076102","$164,022,295.50"
"ED","Consolidated Edison Inc","1,516,598.00","0.19%","Common Stock","209115104","$163,989,741.74"
"KMB","Kimberly-Clark Corp","1,694,029.00","0.19%","Common Stock","494368103","$163,897,305.75"
"T","AT&T Inc","6,239,390.00","0.19%","Common Stock","00206R102","$162,099,352.20"
"XEL","Xcel Energy Inc","2,093,932.00","0.19%","Common Stock","98389B100","$163,557,028.52"
"REGN","Regeneron Pharmaceuticals Inc","218,852.00","0.19%","Common Stock","75886F107","$163,390,526.16"
"LII","Lennox International Inc","333,474.00","0.19%","Common Stock","526107107","$163,322,226.24"
"IDXX","IDEXX Laboratories Inc","282,300.00","0.19%","Common Stock","45168D104","$163,268,205"
"DUK","Duke Energy Corp","1,303,335.00","0.19%","Common Stock","26441C204","$163,242,708.75"
"DOC","Healthpeak Properties Inc","9,929,741.00","0.19%","Real Estate Investment Trust","42250P103","$162,152,670.53"
"NEM","Newmont Corp","1,458,759.00","0.19%","Common Stock","651639106","$163,162,194.15"
"HAS","Hasbro Inc","1,799,360.00","0.19%","Common Stock","418056107","$163,040,009.60"
"FAST","Fastenal Co","3,638,052.00","0.19%","Common Stock","311900104","$163,021,110.12"
"KMI","Kinder Morgan Inc","5,123,094.00","0.19%","Common Stock","49456B101","$162,965,620.14"
"KO","Coca-Cola Co/The","2,183,279.00","0.19%","Common Stock","191216100","$162,938,111.77"
"CMCSA","Comcast Corp","5,544,564.00","0.19%","Common Stock","20030N101","$162,843,844.68"
"KDP","Keurig Dr Pepper Inc","6,135,698.00","0.19%","Common Stock","49271V100","$162,841,424.92"
"PEP","PepsiCo Inc","1,058,763.00","0.19%","Common Stock","713448108","$162,827,161.77"
"J","Jacobs Solutions Inc","1,275,699.00","0.19%","Common Stock","46982L108","$162,715,407.45"
"TXT","Textron Inc","1,817,236.00","0.19%","Common Stock","883203101","$162,569,932.56"
"EW","Edwards Lifesciences Corp","1,991,965.00","0.19%","Common Stock","28176E108","$162,404,906.45"
"AVY","Avery Dennison Corp","971,633.00","0.19%","Common Stock","053611109","$162,311,292.65"
"HWM","Howmet Aerospace Inc","673,295.00","0.18%","Common Stock","443201108","$162,183,299.60"
"DXCM","Dexcom Inc","2,556,144.00","0.18%","Common Stock","252131107","$162,085,091.04"
"FE","FirstEnergy Corp","3,345,973.00","0.18%","Common Stock","337932107","$162,045,472.39"
"MSI","Motorola Solutions Inc","366,898.00","0.18%","Common Stock","620076307","$162,044,170.68"
"SYK","Stryker Corp","490,607.00","0.18%","Common Stock","863667101","$161,581,415.45"
"WMB","Williams Cos Inc/The","2,277,844.00","0.18%","Common Stock","969457100","$161,954,708.40"
"CEG","Constellation Energy Corp","563,706.00","0.18%","Common Stock","21037T109","$161,873,814.96"
"SO","Southern Co/The","1,760,530.00","0.18%","Common Stock","842587107","$161,739,891.10"
"BDX","Becton Dickinson & Co","1,038,761.00","0.18%","Common Stock","075887109","$161,683,149.65"
"FIS","Fidelity National Information Services Inc","3,379,142.00","0.18%","Common Stock","31620M106","$161,658,153.28"
"PEG","Public Service Enterprise Group Inc","2,058,864.00","0.18%","Common Stock","744573106","$161,641,412.64"
"ACN","Accenture PLC","841,619.00","0.18%","Common Stock","G1151C101","$159,991,771.90"
"AOS","A O Smith Corp","2,488,452.00","0.18%","Common Stock","831865209","$161,276,574.12"
"TSLA","Tesla Inc","415,513.00","0.18%","Common Stock","88160R101","$161,015,442.63"
"TAP","Molson Coors Beverage Co","3,769,131.00","0.18%","Common Stock","60871R209","$160,941,893.70"
"PSX","Phillips 66","999,798.00","0.18%","Common Stock","718546104","$160,617,548.70"
"WM","Waste Management Inc","717,241.00","0.18%","Common Stock","94106L109","$160,611,777.13"
"AMCR","Amcor PLC","3,988,232.00","0.18%","Common Stock","G0250X149","$160,606,102.64"
"CPRT","Copart Inc","4,767,916.00","0.18%","Common Stock","217204106","$160,583,410.88"
"ADP","Automatic Data Processing Inc","796,106.00","0.18%","Common Stock","053015103","$160,566,619.14"
"KHC","Kraft Heinz Co/The","7,324,948.00","0.18%","Common Stock","500754106","$160,343,111.72"
"DHR","Danaher Corp","868,806.00","0.18%","Common Stock","235851102","$159,895,056.24"
"TDG","TransDigm Group Inc","134,834.00","0.18%","Common Stock","893641100","$160,149,083.50"
"HRL","Hormel Foods Corp","7,359,770.00","0.18%","Common Stock","440452100","$157,719,871.10"
"FSLR","First Solar Inc","847,130.00","0.18%","Common Stock","336433107","$159,861,902.30"
"KR","Kroger Co/The","2,347,653.00","0.18%","Common Stock","501044101","$159,804,739.71"
"BRK/B","Berkshire Hathaway Inc","343,350.00","0.18%","Common Stock","084670702","$159,795,090"
"CTSH","Cognizant Technology Solutions Corp","2,714,724.00","0.18%","Common Stock","192446102","$159,652,918.44"
"CME","CME Group Inc","558,703.00","0.18%","Common Stock","12572Q105","$159,627,034.13"
"GEN","Gen Digital Inc","7,983,779.00","0.18%","Common Stock","668771108","$159,595,742.21"
"LUV","Southwest Airlines Co","4,053,314.00","0.18%","Common Stock","844741108","$159,497,905.90"
"SW","Smurfit Westrock PLC","4,017,501.00","0.18%","Common Stock","G8267P108","$159,454,614.69"
"MMM","3M Co","1,092,312.00","0.18%","Common Stock","88579Y101","$159,237,243.36"
"EXC","Exelon Corp","3,469,886.00","0.18%","Common Stock","30161N101","$159,128,971.96"
"MDT","Medtronic PLC","1,905,090.00","0.18%","Common Stock","G5960L103","$158,541,589.80"
"ADBE","Adobe Inc","619,379.00","0.18%","Common Stock","00724F101","$158,523,861.26"
"JKHY","Jack Henry & Associates Inc","1,015,306.00","0.18%","Common Stock","426281101","$158,265,899.28"
"VTR","Ventas Inc","1,974,923.00","0.18%","Real Estate Investment Trust","92276F100","$158,191,332.30"
"EFX","Equifax Inc","885,285.00","0.18%","Common Stock","294429105","$158,165,018.10"
"LYV","Live Nation Entertainment Inc","1,021,947.00","0.18%","Common Stock","538034109","$158,023,664.61"
"CHD","Church & Dwight Co Inc","1,700,507.00","0.18%","Common Stock","171340102","$157,977,100.30"
"PG","Procter & Gamble Co/The","1,105,664.00","0.18%","Common Stock","742718109","$157,944,102.40"
"BSX","Boston Scientific Corp","2,434,424.00","0.18%","Common Stock","101137107","$157,921,084.88"
"CAH","Cardinal Health Inc","786,765.00","0.18%","Common Stock","14149Y108","$157,785,720.75"
"NCLH","Norwegian Cruise Line Holdings Ltd","8,288,670.00","0.18%","Common Stock","G66721104","$157,733,390.10"
"PCG","PG&E Corp","9,343,596.00","0.18%","Common Stock","69331C108","$157,719,900.48"
"JNJ","Johnson & Johnson","697,459.00","0.18%","Common Stock","478160104","$157,695,479.90"
"DPZ","Domino's Pizza Inc","430,930.00","0.18%","Common Stock","25754A201","$157,690,214.90"
"ARE","Alexandria Real Estate Equities Inc","3,379,872.00","0.18%","Real Estate Investment Trust","015271109","$157,671,028.80"
"INTU","Intuit Inc","384,951.00","0.18%","Common Stock","461202103","$157,321,774.68"
"RCL","Royal Caribbean Cruises Ltd","591,409.00","0.18%","Common Stock","V7780T103","$157,101,886.76"
"RMD","ResMed Inc","706,088.00","0.18%","Common Stock","761152107","$156,779,779.52"
"CPB","Campbell's Company/The","7,386,614.00","0.18%","Common Stock","134429109","$153,789,303.48"
"CL","Colgate-Palmolive Co","1,891,216.00","0.18%","Common Stock","194162103","$155,741,637.60"
"MCD","McDonald's Corp","521,221.00","0.18%","Common Stock","580135101","$156,402,785.47"
"TKO","TKO Group Holdings Inc","839,278.00","0.18%","Common Stock","87256C101","$156,323,920.28"
"PKG","Packaging Corp of America","761,553.00","0.18%","Common Stock","695156109","$156,301,137.72"
"VZ","Verizon Communications Inc","3,346,548.00","0.18%","Common Stock","92343V104","$153,874,277.04"
"LLY","Eli Lilly & Co","169,547.00","0.18%","Common Stock","532457108","$156,234,169.56"
"OTIS","Otis Worldwide Corp","2,003,729.00","0.18%","Common Stock","68902V107","$156,050,414.52"
"EQT","EQT Corp","2,655,201.00","0.18%","Common Stock","26884L109","$155,913,402.72"
"WDAY","Workday Inc","1,230,667.00","0.18%","Common Stock","98138H101","$155,802,442.20"
"HON","Honeywell International Inc","708,201.00","0.18%","Common Stock","438516106","$155,782,973.97"
"SMCI","Super Micro Computer Inc","5,333,402.00","0.18%","Common Stock","86800U302","$155,628,670.36"
"RSG","Republic Services Inc","757,805.00","0.18%","Common Stock","760759100","$155,569,788.45"
"AMGN","Amgen Inc","449,273.00","0.18%","Common Stock","031162100","$155,412,516.16"
"AKAM","Akamai Technologies Inc","1,591,380.00","0.18%","Common Stock","00971T101","$154,538,911.80"
"GD","General Dynamics Corp","478,959.00","0.18%","Common Stock","369550108","$153,621,309.66"
"LHX","L3Harris Technologies Inc","465,189.00","0.18%","Common Stock","502431109","$154,284,583.74"
"GILD","Gilead Sciences Inc","1,160,771.00","0.18%","Common Stock","375558103","$154,266,465.90"
"EPAM","EPAM Systems Inc","1,194,088.00","0.18%","Common Stock","29414B104","$154,180,642.56"
"COO","Cooper Cos Inc/The","2,297,835.00","0.18%","Common Stock","216648501","$153,771,118.20"
"ES","Eversource Energy","2,292,296.00","0.18%","Common Stock","30040W108","$153,698,446.80"
"SYY","Sysco Corp","2,005,639.00","0.17%","Common Stock","871829107","$151,485,913.67"
"DLTR","Dollar Tree Inc","1,496,288.00","0.17%","Common Stock","256746108","$152,576,487.36"
"NOW","ServiceNow Inc","1,466,640.00","0.17%","Common Stock","81762P102","$151,166,584.80"
"VRTX","Vertex Pharmaceuticals Inc","344,212.00","0.17%","Common Stock","92532F100","$150,651,266.04"
"MCK","McKesson Corp","181,625.00","0.17%","Common Stock","58155Q103","$150,608,898.75"
"ABBV","AbbVie Inc","744,434.00","0.17%","Common Stock","00287Y109","$149,259,017"
"HII","Huntington Ingalls Industries Inc","410,192.00","0.17%","Common Stock","446413106","$150,491,240.96"
"EXE","Expand Energy Corp","1,561,068.00","0.17%","Common Stock","165167735","$150,424,512.48"
"TMUS","T-Mobile US Inc","794,438.00","0.17%","Common Stock","872590104","$150,085,226.96"
"PTC","PTC Inc","1,065,449.00","0.17%","Common Stock","69370C100","$149,802,129.40"
"SJM","J M Smucker Co/The","1,575,024.00","0.17%","Common Stock","832696405","$149,611,529.76"
"VRSK","Verisk Analytics Inc","835,163.00","0.17%","Common Stock","92345Y106","$149,402,309.07"
"CTAS","Cintas Corp","854,824.00","0.17%","Common Stock","172908105","$149,303,559.84"
"GIS","General Mills Inc","4,168,851.00","0.17%","Common Stock","370334104","$146,701,866.69"
"COR","Cencora Inc","483,916.00","0.17%","Common Stock","03073E105","$149,191,302.80"
"HCA","HCA Healthcare Inc","315,735.00","0.17%","Common Stock","40412C101","$148,818,534.90"
"BR","Broadridge Financial Solutions Inc","925,759.00","0.17%","Common Stock","11133T103","$148,713,925.76"
"CLX","Clorox Co/The","1,511,959.00","0.17%","Common Stock","189054109","$146,433,229.15"
"RTX","RTX Corp","817,698.00","0.17%","Common Stock","75513E101","$147,929,745.18"
"LDOS","Leidos Holdings Inc","977,880.00","0.17%","Common Stock","525327102","$147,376,294.80"
"MKC","McCormick & Co Inc/MD","2,829,862.00","0.17%","Common Stock","579780206","$145,652,997.14"
"HSY","Hershey Co/The","778,013.00","0.17%","Common Stock","427866108","$146,772,152.45"
"ULTA","Ulta Beauty Inc","259,780.00","0.17%","Common Stock","90384S303","$146,492,539.80"
"TTD","Trade Desk Inc/The","6,213,690.00","0.17%","Common Stock","88339J105","$146,394,536.40"
"IP","International Paper Co","4,385,736.00","0.17%","Common Stock","460146103","$146,176,580.88"
"CAG","Conagra Brands Inc","9,981,695.00","0.17%","Common Stock","205887102","$145,034,028.35"
"CSGP","CoStar Group Inc","3,738,626.00","0.17%","Common Stock","22160N109","$144,946,530.02"
"LMT","Lockheed Martin Corp","260,947.00","0.17%","Common Stock","539830109","$144,937,792.21"
"GE","General Electric Co","521,459.00","0.16%","Common Stock","369604301","$144,073,907.11"
"DG","Dollar General Corp","1,170,581.00","0.16%","Common Stock","256677105","$144,215,579.20"
"MOS","Mosaic Co/The","5,816,508.00","0.16%","Common Stock","61945C103","$142,620,776.16"
"TPL","Texas Pacific Land Corp","323,432.00","0.16%","Common Stock","88262P102","$142,148,364"
"EL","Estee Lauder Cos Inc/The","1,852,570.00","0.16%","Common Stock","518439104","$142,018,016.20"
"ABT","Abbott Laboratories","1,537,171.00","0.16%","Common Stock","002824100","$140,958,580.70"
"FICO","Fair Isaac Corp","145,821.00","0.16%","Common Stock","303250104","$141,471,159.57"
"NKE","NIKE Inc","3,045,081.00","0.16%","Common Stock","654106103","$139,099,300.08"
"PODD","Insulet Corp","709,890.00","0.16%","Common Stock","45784P101","$137,448,901.80"
"AGPXX","Invesco Government & Agency Portfolio","136,333,105.68","0.16%","Money Market Fund, Taxable","825252885","$136,333,105.68"
"NOC","Northrop Grumman Corp","231,504.00","0.16%","Common Stock","666807102","$136,499,388.48"
"NWSA","News Corp","5,092,120.00","0.15%","Common Stock","65249B109","$135,704,998"
"TSCO","Tractor Supply Co","3,428,018.00","0.15%","Common Stock","892356106","$133,555,581.28"
"AXON","Axon Enterprise Inc","327,429.00","0.15%","Common Stock","05464C101","$132,003,001.35"
"FOXA","Fox Corp","1,786,101.00","0.13%","Common Stock","35137L105","$117,096,781.56"
"GOOGL","Alphabet Inc","304,713.00","0.12%","Common Stock","02079K305","$103,395,215.16"
"GOOG","Alphabet Inc","244,540.00","0.09%","Common Stock","02079K107","$82,588,494.20"
"FOX","Fox Corp","1,259,802.00","0.08%","Common Stock","35137L204","$73,786,603.14"
"NWS","News Corp","1,680,722.00","0.06%","Common Stock","65249B208","$51,665,394.28"
"--","CASH COLLATERAL","5,412,997.65","0.01%","Currency Collateral","FUTPLGCSH","$5,412,997.65"
"--","Hologic Inc","2,281,279.00","0.00%","Common Stock","436CVR021","$0"
"--","SECURITIES LENDING - BNYM","1.00","0.00%","Uninvestible Cash","BNYMLEND","$0.01"
"USD","CASH & EQUIVALENTS","-1,000,092.42","0.00%","Currency","CASHUSD00","-$1,000,092.42"
"--","CONTRA FUTURE E-MIN S&P 500 EWF JUN26LWEM6","-1,100.00","-0.21%","Synthetic Cash","LWEM6","-$181,104,000"